drug_smiles,target_sequence,label,drug_name,target_name
CC(=O)Oc1ccccc1C(=O)O,MKTAYIAKQRQISFVKSHFSRQLEERLGLIEVQAPILSRVGDGTQDNLSGAEKAVQVKVKALPDAQFEVVHSLAKWKRQTLGQHDFSAGEGLYTHMKALRPDEDRLSPLHSVYVDQWDWERVMGDGERQFSTLKSTVEAIWAGIKATEAAVSEEFGLAPFLPDQIHFVHSQELLSRYPDLDAKGRERAIAKDLGAVFLVGIGGKLSDGHRHDVRAPDYDDWSTPSELGHAGLNGDILVWNPSVKELFQNQTIKERESF,1,Aspirin,Cyclooxygenase-2
c1ccc2c(c1)cc1ccc3cccc4ccc2c1c34,MSSSVPSQKTYPGFDPTAAHQWSTKGPSSEGAHNNAFILNQYGRDLEEDTFPGSITWTKDNNNILIYNEKGQVVLKNYIDIGMELDGTENVSQQTFEDYFPPKVYFGSFEEITGFKKIGESYRGTKPIPEIFSSKLNLTSNLSKANKIIFLEQGNLPQYLNYFKDELENYFKDELEAYFKDELEAYFKDELE,0,Benzo[a]pyrene,Cyclooxygenase-2
CN1C=NC2=C1C(=O)N(C(=O)N2C)C,MKTAYIAKQRQISFVKSHFSRQLEERLGLIEVQAPILSRVGDGTQDNLSGAEKAVQVKVKALPDAQFEVVHSLAKWKRQTLGQHDFSAGEGLYTHMKALRPDEDRLSPLHSVYVDQWDWERVMGDGERQFSTLKSTVEAIWAGIKATEAAVSEEFGLAPFLPDQIHFVHSQELLSRYPDLDAKGRERAIAKDLGAVFLVGIGGKLSDGHRHDVRAPDYDDWSTPSELGHAGLNGDILVWNPSVKELFQNQTIKERESF,0,Caffeine,Cyclooxygenase-2
CC(C)Cc1ccc(cc1)C(C)C(=O)O,MSALGAVIALLLWGQLFAVDSGNDSVTDIADDGCPKPPEIAHGYVEHSVVYPYGLWDLQRRQPLPVHFQVPYERSQPRPANFLGMSIVNGATLGFNVTVDAAINNTGCQVSTPTLVEVDSSPVSSMSVSLSVNYTDTNDKTFSWLESDLQTRLSSYTVGSNWTFGSLTIELPSRNLNLSVLYSKTQDLKSFTEYNASSFSTDVENKATDAALSYGFSPEHGSEAAAHIQTQRRMQNLSRINEKSFLATTGFPLNHTDDFSCRLFFPSCAGPCKTRTPHPEHSCLGQHSPDTDLPETHTCGYRCLPQHALESGRNTLVTHNLPSLPVSVEFPEGEPLHIIQNIPHGQMVHQAISPRTLNAWVKVVREAGQSLLDSELASKSYESLTDPSKYZIEDDLN,1,Ibuprofen,Albumin
c1ccc(cc1)c1ccnc(n1)c1ccc(cc1)N,MKTAYIAKQRQISFVKSHFSRQLEERLGLIEVQAPILSRVGDGTQDNLSGAEKAVQVKVKALPDAQFEVVHSLAKWKRQTLGQHDFSAGEGLYTHMKALRPDEDRLSPLHSVYVDQWDWERVMGDGERQFSTLKSTVEAIWAGIKATEAAVSEEFGLAPFLPDQIHFVHSQELLSRYPDLDAKGRERAIAKDLGAVFLVGIGGKLSDGHRHDVRAPDYDDWSTPSELGHAGLNGDILVWNPSVKELFQNQTIKERESF,1,Imatinib,BCR-ABL
CC1=C2C=CC=CC2=NC=C1,MSSSVPSQKTYPGFDPTAAHQWSTKGPSSEGAHNNAFILNQYGRDLEEDTFPGSITWTKDNNNILIYNEKGQVVLKNYIDIGMELDGTENVSQQTFEDYFPPKVYFGSFEEITGFKKIGESYRGTKPIPEIFSSKLNLTSNLSKANKIIFLEQGNLPQYLNYFKDELEAYFKDELEAYFK,0,Compound_A,Target_B
C(C(=O)O)N,MSALGAVIALLLWGQLFAVDSGNDSVTDIADDGCPKPPEIAHGYVEHSVVYPYGLWDLQRRQPLPVHFQVPYERSQPRPANFLGMSIVNGATLGFNVTVDAAINNTGCQVSTPTLVEVDSSPVSSMSVSLSVNYTDTNDKTFSWLESDLQTRLSSYTVGSNWTFGSLTIELPSRNLNLSVLYSKTQDLKSFTEYNASSFSTDVENKATDAALSYGFSPEHGSEAAAHIQTQRRMQNLSRINEKSFLATTGFPLNHTDDFSCRLFFPSCAGPCKTRTPHPEHSCLGQHSPDTDLPETHTCGYRCLPQHALESGRNTLVTHNLPSLPVSVEFPEGEPLHIIQNIPHGQMVHQAISPRTLNAWVKVVREAGQSLLDSELASKSYESLTDPSKYZIEDDLN,0,Glycine,Albumin
CC(=O)NC1=CC=C(C=C1)O,MKTAYIAKQRQISFVKSHFSRQLEERLGLIEVQAPILSRVGDGTQDNLSGAEKAVQVKVKALPDAQFEVVHSLAKWKRQTLGQHDFSAGEGLYTHMKALRPDEDRLSPLHSVYVDQWDWERVMGDGERQFSTLKSTVEAIWAGIKATEAAVSEEFGLAPFLPDQIHFVHSQELLSRYPDLDAKGRERAIAKDLGAVFLVGIGGKLSDGHRHDVRAPDYDDWSTPSELGHAGLNGDILVWNPSVKELFQNQTIKERESF,1,Acetaminophen,Cyclooxygenase-2
C1=CC=C(C=C1)C2=CC=C(C=C2)O,MSSSVPSQKTYPGFDPTAAHQWSTKGPSSEGAHNNAFILNQYGRDLEEDTFPGSITWTKDNNNILIYNEKGQVVLKNYIDIGMELDGTENVSQQTFEDYFPPKVYFGSFEEITGFKKIGESYRGTKPIPEIFSSKLNLTSNLSKANKIIFLEQGNLPQYLNYFKDELEAYFKDELEAYFK,0,Bisphenol_A,Target_B
O=C1NC(=O)c2ccccc21,MSALGAVIALLLWGQLFAVDSGNDSVTDIADDGCPKPPEIAHGYVEHSVVYPYGLWDLQRRQPLPVHFQVPYERSQPRPANFLGMSIVNGATLGFNVTVDAAINNTGCQVSTPTLVEVDSSPVSSMSVSLSVNYTDTNDKTFSWLESDLQTRLSSYTVGSNWTFGSLTIELPSRNLNLSVLYSKTQDLKSFTEYNASSFSTDVENKATDAALSYGFSPEHGSEAAAHIQTQRRMQNLSRINEKSFLATTGFPLNHTDDFSCRLFFPSCAGPCKTRTPHPEHSCLGQHSPDTDLPETHTCGYRCLPQHALESGRNTLVTHNLPSLPVSVEFPEGEPLHIIQNIPHGQMVHQAISPRTLNAWVKVVREAGQSLLDSELASKSYESLTDPSKYZIEDDLN,1,Isatoic_anhydride,Albumin
